{
    "installed": {
        "client_id": "94459536193-f5inpoca49ka15f2fnl3df77u2ki45ms.apps.googleusercontent.com",
        "project_id": "the-hoster",
        "auth_uri": "https://accounts.google.com/o/oauth2/auth",
        "token_uri": "https://oauth2.googleapis.com/token",
        "auth_provider_x509_cert_url": "https://www.googleapis.com/oauth2/v1/certs",
        "client_secret": "41hfLZy2gp3AdkqKRPbWwPlf",
        "redirect_uris": [
            "http://localhost:4200"
        ],
        "javascript_origins": [
            "http://localhost:4200"
        ]
    }
}